2015-12-31T23:59:38Z, -115.17490019, 36.11700102
2015-12-31T23:59:20Z, -113.5808411, 37.1102104
2015-12-31T23:58:27Z, -121.90352323, 37.3622442
2015-12-31T23:58:25Z, -118.243, 34.0522
2015-12-31T23:58:06Z, -118.243, 34.0522
2015-12-31T23:58:02Z, -117.628, 34.0528
2015-12-31T23:57:06Z, -122.283844, 38.2974205
2015-12-31T23:56:03Z, -122.4354019, 37.7618217
2015-12-31T23:56:00Z, -118.33196963, 34.00367184
2015-12-31T23:55:33Z, -122.40191433, 37.77924209
2015-12-31T23:55:12Z, -117.76493836, 34.07119132
2015-12-31T23:54:25Z, -122.513935, 37.778394
2015-12-31T23:53:54Z, -118.09396206, 33.86683166
2015-12-31T23:53:11Z, -118.348902, 34.10492876
2015-12-31T23:52:48Z, -118.3418579, 33.9583015
2015-12-31T23:52:32Z, -118.24533538, 34.05161048
2015-12-31T23:52:06Z, -118.243, 34.0522
2015-12-31T23:51:40Z, -118.41041, 34.051252
2015-12-31T23:50:11Z, -118.3336842, 34.1025082
2015-12-31T23:50:06Z, -118.40558723, 34.10156421
2015-12-31T23:48:33Z, -117.45784456, 34.06664393
2015-12-31T23:46:10Z, -117.6508876, 34.0633443
2015-12-31T23:45:25Z, -117.8528137, 33.7871704
2015-12-31T23:44:47Z, -118.34887978, 34.10447513
2015-12-31T23:44:23Z, -122.418, 37.775
2015-12-31T23:43:45Z, -122.2389989, 37.86774992
2015-12-31T23:43:37Z, -118.3782857, 34.1650749
2015-12-31T23:41:32Z, -121.881832, 39.7753674
2015-12-31T23:41:26Z, -119.8871613, 39.3294754
2015-12-31T23:41:19Z, -121.4800186, 38.5756416
2015-12-31T23:40:57Z, -115.17353539, 36.10161307
2015-12-31T23:40:46Z, -120.07410042, 38.14510475
2015-12-31T23:39:47Z, -117.2898941, 34.0886765
2015-12-31T23:39:08Z, -118.13622317, 33.76337754
2015-12-31T23:38:25Z, -121.5472138, 38.4904987
2015-12-31T23:37:00Z, -118.522, 34.2647
2015-12-31T23:36:55Z, -122.42393527, 37.78133513
2015-12-31T23:35:36Z, -122.447722, 37.751586
2015-12-31T23:33:16Z, -118.3497162, 34.0836983
2015-12-31T23:32:42Z, -115.17230519, 36.02142234
2015-12-31T23:32:31Z, -122.27201713, 37.8636181
2015-12-31T23:31:30Z, -118.4974442, 34.0165787
2015-12-31T23:31:24Z, -115.17230519, 36.02142234
2015-12-31T23:28:32Z, -123.27720728, 38.53330119
2015-12-31T23:28:28Z, -117.3274918, 33.9073982
2015-12-31T23:26:43Z, -115.1401062, 36.1686707
2015-12-31T23:26:40Z, -118.4164963, 34.1962395
2015-12-31T23:26:23Z, -118.459, 33.9908
2015-12-31T23:26:04Z, -115.18063312, 36.06752945
2015-12-31T23:25:49Z, -117.92008435, 33.81101019
2015-12-31T23:25:25Z, -116.54489763, 33.82221058
2015-12-31T23:24:56Z, -114.93160486, 36.10209906
2015-12-31T23:24:13Z, -118.2795178, 34.091349
2015-12-31T23:24:07Z, -117.88619313, 33.91915884
2015-12-31T23:24:05Z, -118.36365914, 34.09734716
2015-12-31T23:24:04Z, -115.17401899, 36.11716025
2015-12-31T23:22:55Z, -115.16957961, 36.10258958
2015-12-31T23:22:11Z, -122.45076078, 37.80610955
2015-12-31T23:21:47Z, -118.258873, 34.0991783
2015-12-31T23:21:46Z, -118.99065555, 37.63593227
2015-12-31T23:21:43Z, -121.81352805, 36.23825697
2015-12-31T23:21:21Z, -119.69050563, 34.41469449
2015-12-31T23:19:15Z, -122.418, 37.775
2015-12-31T23:18:33Z, -122.1173096, 37.4501801
2015-12-31T23:17:41Z, -117.96, 33.7788
2015-12-31T23:17:40Z, -118.40989178, 34.03387667
2015-12-31T23:17:26Z, -118.35062672, 33.83579659
2015-12-31T23:16:54Z, -118.28013897, 34.09179794
2015-12-31T23:16:22Z, -117.929, 33.8799
2015-12-31T23:15:25Z, -118.335907, 34.1009903
2015-12-31T23:14:57Z, -117.91891555, 33.81244346
2015-12-31T23:12:59Z, -117.6508876, 34.0633443
2015-12-31T23:11:01Z, -120.00424703, 38.91238221
2015-12-31T23:10:03Z, -118.875, 34.1895
2015-12-31T23:08:46Z, -121.53603186, 36.84375146
2015-12-31T23:08:30Z, -122.412694, 37.771007
2015-12-31T23:08:28Z, -118.46223659, 34.17801368
2015-12-31T23:08:09Z, -116.91286782, 34.24426
2015-12-31T23:06:50Z, -118.448, 34.1511
2015-12-31T23:06:17Z, -118.243, 34.0522
2015-12-31T23:05:56Z, -117.1807904, 34.0775161
2015-12-31T23:05:37Z, -118.41227656, 34.15046423
2015-12-31T23:04:33Z, -118.45899658, 34.28665522
2015-12-31T23:04:33Z, -118.45899658, 34.28665522
2015-12-31T23:03:47Z, -118.154, 34.687
2015-12-31T23:03:37Z, -118.3260565, 34.12684554
2015-12-31T23:01:22Z, -119.745393, 36.815269
2015-12-31T22:59:26Z, -118.36709661, 34.09832163
2015-12-31T22:58:53Z, -117.6508876, 34.0633443
2015-12-31T22:58:37Z, -117.92008435, 33.81101019
2015-12-31T22:57:24Z, -118.328, 34.1802
2015-12-31T22:57:20Z, -117.9809875, 33.940361
2015-12-31T22:56:49Z, -114.93160486, 36.10209906
2015-12-31T22:56:47Z, -121.8827896, 37.3489113
2015-12-31T22:54:46Z, -118.4753799, 34.1771088
2015-12-31T22:53:12Z, -117.39393835, 34.4752724
2015-12-31T22:52:19Z, -118.16740367, 34.16046875
2015-12-31T22:52:15Z, -118.32914915, 34.09706673
2015-12-31T22:47:37Z, -118.154, 34.687
2015-12-31T22:47:03Z, -122.420898, 37.79129517
2015-12-31T22:45:35Z, -122.420935, 37.791704
2015-12-31T22:45:32Z, -118.875, 34.1895
2015-12-31T22:44:47Z, -117.6508876, 34.0633443
2015-12-31T22:43:29Z, -117.6944733, 34.0639
2015-12-31T22:43:26Z, -115.17490019, 36.11700102
2015-12-31T22:42:23Z, -122.38661154, 37.77586332
2015-12-31T22:40:12Z, -122.418, 37.775
2015-12-31T22:39:29Z, -118.39973877, 34.19184433
2015-12-31T22:38:52Z, -122.62593279, 38.23600666
2015-12-31T22:38:19Z, -118.243, 34.0522
2015-12-31T22:35:49Z, -118.31071609, 34.18196214
2015-12-31T22:35:36Z, -118.33669353, 34.15204176
2015-12-31T22:34:34Z, -118.603277, 34.1977108
2015-12-31T22:34:33Z, -118.24533538, 34.05161048
2015-12-31T22:34:31Z, -118.33990668, 34.20066548
2015-12-31T22:34:24Z, -118.372519, 34.09530663
2015-12-31T22:33:15Z, -123.52805556, 38.76583333
2015-12-31T22:32:01Z, -118.3973389, 34.0590782
2015-12-31T22:31:05Z, -119.28564523, 36.32783127
2015-12-31T22:31:04Z, -118.2728806, 34.1053696
2015-12-31T22:30:26Z, -118.243, 34.0522
2015-12-31T22:27:26Z, -118.4765167, 34.2094002
2015-12-31T22:27:07Z, -118.453, 33.9794
2015-12-31T22:27:02Z, -115.24203576, 36.11253735
2015-12-31T22:26:43Z, -122.47321462, 37.80382947
2015-12-31T22:26:35Z, -119.69050563, 34.41469449
2015-12-31T22:25:56Z, -118.3721695, 34.16577803
2015-12-31T22:23:55Z, -115.14680137, 36.0813815
2015-12-31T22:23:48Z, -118.158, 33.8041
2015-12-31T22:19:13Z, -118.3625793, 34.0911293
2015-12-31T22:19:08Z, -119.5870819, 37.749649
2015-12-31T22:16:43Z, -118.232504, 34.039413
2015-12-31T22:16:33Z, -117.6508876, 34.0633443
2015-12-31T22:16:10Z, -118.4058606, 34.17202868
2015-12-31T22:15:34Z, -118.1665573, 34.603199
2015-12-31T22:15:18Z, -122.275, 37.8718
2015-12-31T22:14:47Z, -118.45068622, 33.95365585
2015-12-31T22:14:32Z, -118.208202, 34.066358
2015-12-31T22:11:48Z, -121.955, 37.2839
2015-12-31T22:11:31Z, -122.25506738, 38.16641872
2015-12-31T22:11:14Z, -118.39522739, 37.37081515
2015-12-31T22:11:08Z, -118.36678458, 34.15212561
2015-12-31T22:10:35Z, -118.46411344, 34.04634715
2015-12-31T22:09:44Z, -118.37668179, 34.0699529
2015-12-31T22:08:30Z, -115.20729308, 36.09675944
2015-12-31T22:08:01Z, -118.26529884, 34.05050124
2015-12-31T22:07:59Z, -118.243, 34.0522
2015-12-31T22:06:07Z, -118.4658432, 34.0533333
2015-12-31T22:04:45Z, -118.6057434, 34.1839905
2015-12-31T22:03:46Z, -118.24999875, 34.03928337
2015-12-31T22:03:34Z, -121.49266094, 38.57655028
2015-12-31T22:03:31Z, -115.17464033, 36.11801307
2015-12-31T22:02:50Z, -118.19072145, 33.75264859
2015-12-31T22:02:24Z, -117.6508876, 34.0633443
2015-12-31T22:01:37Z, -118.243, 34.0522
2015-12-31T22:01:36Z, -122.4208908, 37.7603302
2015-12-31T22:00:55Z, -118.243, 34.0522
2015-12-31T22:00:54Z, -115.14472222, 36.17083333
2015-12-31T22:00:06Z, -121.22083333, 37.80277778
2015-12-31T21:59:59Z, -122.4403, 37.75733
2015-12-31T21:59:54Z, -115.16972605, 36.12209015
2015-12-31T21:57:36Z, -122.39564097, 37.7792309
2015-12-31T21:55:35Z, -118.243, 34.0522
2015-12-31T21:55:22Z, -115.17147064, 36.11235778
2015-12-31T21:55:14Z, -118.459, 33.9908
2015-12-31T21:54:37Z, -121.469, 38.5556
2015-12-31T21:53:36Z, -122.64919252, 38.95946377
2015-12-31T21:53:35Z, -118.2178879, 34.083271
2015-12-31T21:53:32Z, -117.91998757, 33.80753706
2015-12-31T21:51:58Z, -121.469, 38.5556
2015-12-31T21:51:09Z, -119.73951605, 34.43988327
2015-12-31T21:50:23Z, -122.59277797, 44.62150518
2015-12-31T21:50:07Z, -118.22540257, 34.10376772
2015-12-31T21:49:54Z, -118.3799896, 34.0879211
2015-12-31T21:49:44Z, -118.22540257, 34.10376772
2015-12-31T21:49:06Z, -115.136, 36.175
2015-12-31T21:48:29Z, -118.47195779, 33.98538962
2015-12-31T21:48:17Z, -118.24533538, 34.05161048
2015-12-31T21:45:50Z, -121.983, 37.5429
2015-12-31T21:44:58Z, -118.3445587, 34.1685219
2015-12-31T21:44:51Z, -115.27787504, 36.13982644
2015-12-31T21:44:29Z, -121.98563281, 37.27927928
2015-12-31T21:43:55Z, -118.37545454, 33.91467378
2015-12-31T21:43:10Z, -118.182988, 33.947121
2015-12-31T21:43:08Z, -119.7819519, 39.4770546
2015-12-31T21:42:55Z, -122.4219589, 37.79813
2015-12-31T21:42:05Z, -119.73447532, 34.39945561
2015-12-31T21:41:58Z, -118.5305099, 34.3801231
2015-12-31T21:41:48Z, -118.348902, 34.10492876
2015-12-31T21:41:16Z, -118.475441, 34.0368195
2015-12-31T21:40:53Z, -118.46824148, 34.05301783
2015-12-31T21:40:16Z, -115.1913366, 36.04068813
2015-12-31T21:39:58Z, -118.18794699, 33.75146636
2015-12-31T21:38:58Z, -122.41914, 37.77919
2015-12-31T21:38:42Z, -115.18063312, 36.06752945
2015-12-31T21:38:34Z, -121.48706894, 38.57728972
2015-12-31T21:37:48Z, -118.475441, 34.0368195
2015-12-31T21:37:11Z, -117.5656662, 33.8776283
2015-12-31T21:36:10Z, -115.1473115, 36.08142882
2015-12-31T21:35:07Z, -122.2924118, 37.8347282
2015-12-31T21:34:31Z, -115.2170966, 36.1648152
2015-12-31T21:34:05Z, -118.15535764, 34.60688418
2015-12-31T21:34:05Z, -117.6508876, 34.0633443
2015-12-31T21:33:06Z, -115.18063312, 36.06752945
2015-12-31T21:32:50Z, -119.598, 37.7432
2015-12-31T21:32:23Z, -118.243, 34.0522
2015-12-31T21:30:42Z, -117.66038566, 34.07632551
2015-12-31T21:30:01Z, -118.1221771, 34.0971413
2015-12-31T21:29:38Z, -118.39944444, 34.07305556
2015-12-31T21:28:15Z, -118.35843847, 34.07217665
2015-12-31T21:27:01Z, -116.96224, 33.773405
2015-12-31T21:26:49Z, -118.58833333, 34.38916667
2015-12-31T21:25:23Z, -118.158, 33.8041
2015-12-31T21:24:53Z, -122.418, 37.775
2015-12-31T21:24:52Z, -118.158, 33.8041
2015-12-31T21:24:39Z, -118.372, 34.0879
2015-12-31T21:24:33Z, -118.33940773, 34.10171884
2015-12-31T21:22:58Z, -118.3527679, 34.0837669
2015-12-31T21:22:46Z, -122.271, 37.8044
2015-12-31T21:21:33Z, -122.545, 37.90611111
2015-12-31T21:20:07Z, -118.3853912, 34.0842209
2015-12-31T21:18:07Z, -118.243, 34.0522
2015-12-31T21:17:54Z, -118.2859421, 34.1605682
2015-12-31T21:17:14Z, -118.3487091, 34.0654182
2015-12-31T21:16:51Z, -118.346, 33.9575
2015-12-31T21:16:48Z, -122.418, 37.775
2015-12-31T21:16:04Z, -115.03181139, 36.13322515
2015-12-31T21:15:49Z, -118.34770011, 34.04805891
2015-12-31T21:15:17Z, -118.45899658, 34.28665522
2015-12-31T21:15:14Z, -118.45899658, 34.28665522
2015-12-31T21:14:52Z, -118.068, 33.8683
2015-12-31T21:14:24Z, -118.39944444, 34.07305556
2015-12-31T21:13:40Z, -122.412694, 37.771007
2015-12-31T21:10:11Z, -119.772, 36.7478
2015-12-31T21:09:11Z, -121.9259109, 37.7083855
2015-12-31T21:08:23Z, -115.13098416, 36.19333955
2015-12-31T21:06:43Z, -118.348902, 34.10492876
2015-12-31T21:05:39Z, -117.6508876, 34.0633443
2015-12-31T21:05:01Z, -118.459, 33.9908
2015-12-31T21:04:14Z, -121.5059509, 38.5770912
2015-12-31T21:02:46Z, -118.372, 34.0879
2015-12-31T21:02:35Z, -117.382, 34.1114
2015-12-31T21:02:14Z, -122.19677237, 37.7350384
2015-12-31T20:58:45Z, -122.48881124, 37.86074566
2015-12-31T20:58:11Z, -115.3108444, 36.2834922
2015-12-31T20:57:38Z, -115.1473115, 36.08142882
2015-12-31T20:56:44Z, -117.84655742, 33.83629333
2015-12-31T20:56:23Z, -122.27038426, 37.79551787
2015-12-31T20:55:56Z, -115.136, 36.175
2015-12-31T20:55:21Z, -118.3490961, 34.10527425
2015-12-31T20:55:01Z, -118.0539246, 33.873394
2015-12-31T20:55:01Z, -120.93834645, 37.59793156
2015-12-31T20:55:00Z, -120.93834645, 37.59793156
2015-12-31T20:54:05Z, -118.779, 34.0304
2015-12-31T20:53:09Z, -120.93834645, 37.59793156
2015-12-31T20:52:28Z, -121.469, 38.5556
2015-12-31T20:51:27Z, -117.6508876, 34.0633443
2015-12-31T20:51:11Z, -122.3722346, 41.2218183
2015-12-31T20:50:46Z, -120.93834645, 37.59793156
2015-12-31T20:49:57Z, -120.93834645, 37.59793156
2015-12-31T20:49:32Z, -115.1549606, 36.1529312
2015-12-31T20:49:04Z, -118.2502899, 34.0543137
2015-12-31T20:48:15Z, -118.16663265, 33.76382633
2015-12-31T20:47:44Z, -117.88748627, 33.91735892
2015-12-31T20:47:24Z, -120.957, 37.6013
2015-12-31T20:45:03Z, -120.08235048, 39.38289322
2015-12-31T20:44:58Z, -120.93366788, 37.66755582
2015-12-31T20:44:58Z, -120.93366788, 37.66755582
2015-12-31T20:44:24Z, -117.6481552, 34.0964355
2015-12-31T20:42:38Z, -118.2730103, 34.0352516
2015-12-31T20:41:02Z, -122.38149645, 37.61828887
2015-12-31T20:40:06Z, -119.7198298, 34.4486172
2015-12-31T20:39:38Z, -118.45749, 34.18921
2015-12-31T20:39:29Z, -118.32140006, 34.10837158
2015-12-31T20:38:53Z, -118.28132344, 34.02337585
2015-12-31T20:37:54Z, -122.418, 37.775
2015-12-31T20:37:52Z, -122.47826124, 37.81744449
2015-12-31T20:37:38Z, -118.4607773, 34.1525307
2015-12-31T20:37:31Z, -118.60336082, 34.17097743
2015-12-31T20:37:22Z, -118.243, 34.0522
2015-12-31T20:36:49Z, -123.01, 38.53805556
2015-12-31T20:36:09Z, -118.16740367, 34.16046875
2015-12-31T20:35:24Z, -119.76293835, 36.87217889
2015-12-31T20:35:03Z, -116.5402527, 33.8006592
2015-12-31T20:35:03Z, -115.16972605, 36.12209015
2015-12-31T20:34:32Z, -118.363403, 34.079724
2015-12-31T20:33:56Z, -118.14461924, 33.80187259
2015-12-31T20:33:49Z, -118.49738, 34.01563
2015-12-31T20:33:09Z, -118.14461924, 33.80187259
2015-12-31T20:31:27Z, -118.14461924, 33.80187259
2015-12-31T20:30:47Z, -118.14461924, 33.80187259
2015-12-31T20:30:16Z, -119.7197833, 34.4486284
2015-12-31T20:29:57Z, -117.4008865, 34.1248093
2015-12-31T20:29:36Z, -115.17147064, 36.11235778
2015-12-31T20:28:49Z, -118.27433118, 34.15047524
2015-12-31T20:28:44Z, -121.301, 37.9756
2015-12-31T20:28:30Z, -118.14461924, 33.80187259
2015-12-31T20:28:11Z, -118.3487091, 34.0654182
2015-12-31T20:28:09Z, -115.16972605, 36.12209015
2015-12-31T20:28:01Z, -118.14461924, 33.80187259
2015-12-31T20:27:41Z, -122.2270804, 38.10816105
2015-12-31T20:27:22Z, -118.4962997, 34.0131187
2015-12-31T20:26:06Z, -118.80683889, 34.00087222
2015-12-31T20:20:44Z, -118.06025068, 33.80163025
2015-12-31T20:20:38Z, -115.198, 36.0315
2015-12-31T20:20:24Z, -121.9648826, 36.96423146
2015-12-31T20:20:09Z, -115.16972605, 36.12209015
2015-12-31T20:19:42Z, -118.243, 34.0522
2015-12-31T20:19:16Z, -118.36555055, 34.09798322
2015-12-31T20:18:03Z, -120.891, 35.4428
2015-12-31T20:16:27Z, -118.16740367, 34.16046875
2015-12-31T20:16:10Z, -118.335907, 34.1009903
2015-12-31T20:14:51Z, -120.43436118, 34.96723754
2015-12-31T20:14:29Z, -118.2935891, 34.1220545
2015-12-31T20:14:12Z, -119.6951294, 34.4166908
2015-12-31T20:13:44Z, -122.26024351, 37.80889665
2015-12-31T20:13:37Z, -118.459, 33.9908
2015-12-31T20:12:46Z, -118.3475266, 34.1994362
2015-12-31T20:12:34Z, -118.45899658, 34.28665522
2015-12-31T20:12:34Z, -118.45899658, 34.28665522
2015-12-31T20:12:34Z, -118.45899658, 34.28665522
2015-12-31T20:12:33Z, -118.45899658, 34.28665522
2015-12-31T20:12:30Z, -123.09225394, 44.09223792
2015-12-31T20:12:06Z, -121.90838999, 37.26820203
2015-12-31T20:12:04Z, -122.44171448, 37.61859384
2015-12-31T20:11:26Z, -122.03390355, 38.29880577
2015-12-31T20:10:55Z, -122.565, 38.0934
2015-12-31T20:10:24Z, -118.243, 34.0522
2015-12-31T20:09:35Z, -117.92317176, 34.0879868
2015-12-31T20:08:27Z, -118.202, 33.9246
2015-12-31T20:08:00Z, -118.31131427, 34.09962924
2015-12-31T20:06:46Z, -118.481, 34.0221
2015-12-31T20:06:41Z, -121.92127498, 36.97523258
2015-12-31T20:06:21Z, -118.3989716, 34.1439285
2015-12-31T20:05:32Z, -119.76293835, 36.87217889
2015-12-31T20:04:31Z, -118.33130757, 34.15983218
2015-12-31T20:02:52Z, -118.475, 34.2375
2015-12-31T20:01:17Z, -118.37965965, 34.13958565
2015-12-31T20:00:07Z, -118.3989446, 34.06795349
2015-12-31T19:58:46Z, -116.5474472, 33.8487206
2015-12-31T19:58:32Z, -118.24533538, 34.05161048
2015-12-31T19:58:30Z, -115.16610697, 36.12928098
2015-12-31T19:57:51Z, -118.243, 34.0522
2015-12-31T19:57:08Z, -118.335968, 34.0329514
2015-12-31T19:53:07Z, -122.43714413, 37.77206462
2015-12-31T19:52:53Z, -115.17490019, 36.11700102
2015-12-31T19:52:43Z, -118.44651169, 34.31259527
2015-12-31T19:51:26Z, -121.91668783, 36.6257044
2015-12-31T19:50:55Z, -117.6944733, 34.0639
2015-12-31T19:50:07Z, -118.33806274, 34.10162189
2015-12-31T19:48:55Z, -122.40911364, 37.75944597
2015-12-31T19:48:19Z, -118.3994293, 34.062439
2015-12-31T19:47:33Z, -121.804233, 39.72363976
2015-12-31T19:47:31Z, -122.4328918, 38.4723358
2015-12-31T19:47:20Z, -115.16957961, 36.10258958
2015-12-31T19:46:11Z, -118.1653671, 33.7897987
2015-12-31T19:44:03Z, -118.4137878, 34.1583595
2015-12-31T19:43:32Z, -121.469, 38.5556
2015-12-31T19:42:47Z, -115.15763858, 36.14357926
2015-12-31T19:42:39Z, -122.584671, 38.5811996
2015-12-31T19:42:18Z, -118.3994293, 34.062439
2015-12-31T19:41:05Z, -118.36103817, 34.15081029
2015-12-31T19:40:08Z, -117.92008435, 33.81101019
2015-12-31T19:39:56Z, -118.243, 34.0522
2015-12-31T19:39:52Z, -120.23512466, 39.19664174
2015-12-31T19:38:45Z, -121.469, 38.5556
2015-12-31T19:38:22Z, -118.47195779, 33.98538962
2015-12-31T19:37:51Z, -121.469, 38.5556
2015-12-31T19:37:33Z, -119.97214351, 38.92667572
2015-12-31T19:36:22Z, -121.5010147, 38.558094
2015-12-31T19:36:06Z, -118.25094539, 34.04499165
2015-12-31T19:35:59Z, -118.40251335, 34.06898609
2015-12-31T19:35:50Z, -115.136, 36.175
2015-12-31T19:34:41Z, -118.4599304, 33.9892807
2015-12-31T19:33:25Z, -122.25192774, 37.78836162
2015-12-31T19:31:48Z, -118.47084018, 34.01658415
2015-12-31T19:31:15Z, -120.93995968, 37.67664727
2015-12-31T19:30:49Z, -118.1930237, 33.7699013
2015-12-31T19:28:08Z, -117.7509384, 34.0567436
2015-12-31T19:26:47Z, -118.445122, 34.059628
2015-12-31T19:26:36Z, -116.374311, 43.618621
2015-12-31T19:26:21Z, -116.54489763, 33.82221058
2015-12-31T19:26:09Z, -117.6508876, 34.0633443
2015-12-31T19:24:44Z, -118.49676735, 34.01017307
2015-12-31T19:24:33Z, -120.9972602, 37.79845177
2015-12-31T19:24:18Z, -118.47015146, 34.00028614
2015-12-31T19:24:09Z, -118.3293762, 34.1006889
2015-12-31T19:22:53Z, -122.417369, 37.778457
2015-12-31T19:22:10Z, -118.3227081, 34.1005898
2015-12-31T19:21:54Z, -118.243, 34.0522
2015-12-31T19:20:23Z, -118.37796179, 33.94561272
2015-12-31T19:19:35Z, -118.312546, 34.181789
2015-12-31T19:17:05Z, -122.4297369, 37.78322047
2015-12-31T19:16:40Z, -118.243, 34.0522
2015-12-31T19:16:05Z, -115.1396561, 36.1689568
2015-12-31T19:15:55Z, -118.3227081, 34.1005898
2015-12-31T19:15:22Z, -118.3799896, 34.0879211
2015-12-31T19:15:21Z, -118.13700325, 33.88123123
2015-12-31T19:14:40Z, -121.9809494, 37.2274094
2015-12-31T19:13:21Z, -121.88910427, 37.33289852
2015-12-31T19:11:32Z, -118.36, 34.07444444
2015-12-31T19:11:20Z, -118.158, 33.8041
2015-12-31T19:11:05Z, -118.10604508, 33.80440461
2015-12-31T19:08:23Z, -115.15763858, 36.14357926
2015-12-31T19:08:09Z, -122.20916949, 37.82629578
2015-12-31T19:05:04Z, -118.25592, 34.04989
2015-12-31T19:03:10Z, -118.243, 34.0522
2015-12-31T19:03:06Z, -122.46353384, 37.70035066
2015-12-31T19:02:30Z, -122.7409821, 38.3878708
2015-12-31T19:01:07Z, -118.39331478, 34.00362859
2015-12-31T18:59:50Z, -116.9067973, 34.4525344
2015-12-31T18:58:45Z, -115.2906511, 36.17469411
2015-12-31T18:58:32Z, -115.13946676, 36.16144999
2015-12-31T18:56:33Z, -122.38149645, 37.61828887
2015-12-31T18:55:54Z, -118.3476028, 34.0475388
2015-12-31T18:55:19Z, -118.47195779, 33.98538962
2015-12-31T18:52:51Z, -115.18737441, 36.11688724
2015-12-31T18:51:58Z, -121.9405594, 37.2868309
2015-12-31T18:51:29Z, -121.84263401, 38.00071361
2015-12-31T18:51:09Z, -117.3180008, 33.8834114
2015-12-31T18:48:37Z, -118.2446435, 34.05128933
2015-12-31T18:47:46Z, -118.3975983, 33.9442368
2015-12-31T18:47:15Z, -122.71704444, 38.45563315
2015-12-31T18:46:34Z, -118.24367239, 34.05407019
2015-12-31T18:45:28Z, -121.91166958, 37.33285282
2015-12-31T18:45:07Z, -118.0008926, 34.1505508
2015-12-31T18:45:00Z, -121.2699685, 38.7450084
2015-12-31T18:43:31Z, -118.243, 34.0522
2015-12-31T18:43:15Z, -122.2666666, 37.8266898
2015-12-31T18:41:46Z, -118.34410749, 34.07586089
2015-12-31T18:41:08Z, -122.2666685, 37.8267371
2015-12-31T18:40:38Z, -121.9421146, 37.69845332
2015-12-31T18:40:09Z, -118.35843847, 34.07217665
2015-12-31T18:37:14Z, -118.243, 34.0522
2015-12-31T18:35:31Z, -118.25094539, 34.04499165
2015-12-31T18:34:47Z, -116.36376663, 33.75138834
2015-12-31T18:34:31Z, -115.17453438, 36.10968678
2015-12-31T18:34:30Z, -118.11863797, 34.14457132
2015-12-31T18:34:28Z, -122.4036102, 37.7675591
2015-12-31T18:34:22Z, -118.158, 33.8041
2015-12-31T18:33:37Z, -118.402832, 34.2056198
2015-12-31T18:33:10Z, -118.64826226, 34.15411884
2015-12-31T18:32:20Z, -117.20832547, 33.89184941
2015-12-31T18:30:57Z, -118.488678, 34.0272903
2015-12-31T18:30:46Z, -115.17487988, 36.0955993
2015-12-31T18:28:57Z, -118.33940773, 34.10171884
2015-12-31T18:28:47Z, -115.33319694, 36.14924052
2015-12-31T18:28:11Z, -122.45350792, 37.76788775
2015-12-31T18:26:42Z, -117.92008435, 33.81101019
2015-12-31T18:25:03Z, -118.24533538, 34.05161048
2015-12-31T18:25:00Z, -115.12634857, 36.0231203
2015-12-31T18:21:35Z, -119.299, 34.4
2015-12-31T18:20:09Z, -118.348902, 34.10492876
2015-12-31T18:19:39Z, -118.24307473, 34.03776608
2015-12-31T18:19:06Z, -119.64633059, 37.33486109
2015-12-31T18:18:37Z, -118.3394699, 34.0497589
2015-12-31T18:18:32Z, -121.469, 38.5556
2015-12-31T18:17:39Z, -115.176712, 36.0968018
2015-12-31T18:17:09Z, -118.4, 34.07
2015-12-31T18:16:39Z, -119.17422016, 34.24832237
2015-12-31T18:15:33Z, -118.35464037, 34.13786835
2015-12-31T18:14:44Z, -122.0292266, 37.33291894
2015-12-31T18:14:44Z, -118.11863797, 34.14457132
2015-12-31T18:13:46Z, -118.372, 34.0879
2015-12-31T18:13:40Z, -118.33990668, 34.20066548
2015-12-31T18:13:04Z, -118.3766251, 34.0850563
2015-12-31T18:12:56Z, -118.16740367, 34.16046875
2015-12-31T18:12:20Z, -118.4532166, 33.9851494
2015-12-31T18:11:44Z, -115.17529172, 36.11283359
2015-12-31T18:11:00Z, -116.36385092, 33.7512611
2015-12-31T18:10:21Z, -122.41570746, 37.75893847
2015-12-31T18:10:12Z, -118.16740367, 34.16046875
2015-12-31T18:07:50Z, -118.64195578, 34.03791093
2015-12-31T18:06:33Z, -118.406067, 34.2199069
2015-12-31T18:04:19Z, -118.3766251, 34.0850563
2015-12-31T18:04:12Z, -115.25, 36.1125
2015-12-31T18:04:01Z, -118.38147892, 34.03035171
2015-12-31T18:03:29Z, -115.17382136, 36.11733914
2015-12-31T18:03:11Z, -118.0982782, 34.14639082
2015-12-31T18:02:43Z, -118.243, 34.0522
2015-12-31T18:01:44Z, -119.03929178, 34.20576429
2015-12-31T18:01:44Z, -122.418, 37.775
2015-12-31T18:01:33Z, -117.3959198, 33.954071
2015-12-31T18:00:31Z, -121.99003557, 38.2391745
2015-12-31T18:00:16Z, -117.91688179, 33.81220455
2015-12-31T17:59:38Z, -118.733902, 34.1542015
2015-12-31T17:59:00Z, -118.48925295, 34.27755988
2015-12-31T17:58:00Z, -115.002364, 36.033669
2015-12-31T17:55:57Z, -115.11517525, 36.27908448
2015-12-31T17:55:44Z, -118.16740367, 34.16046875
2015-12-31T17:54:56Z, -122.418, 37.775
2015-12-31T17:54:08Z, -122.081, 37.6689
2015-12-31T17:54:03Z, -118.4937668, 34.0333519
2015-12-31T17:53:57Z, -122.38610744, 37.61628808
2015-12-31T17:52:42Z, -118.16740367, 34.16046875
2015-12-31T17:49:57Z, -115.02446749, 36.04496409
2015-12-31T17:48:39Z, -115.172816, 36.114646
2015-12-31T17:48:09Z, -121.5779572, 37.0215302
2015-12-31T17:47:52Z, -118.481, 34.0221
2015-12-31T17:47:06Z, -118.4998797, 34.01725718
2015-12-31T17:46:14Z, -115.18063312, 36.06752945
2015-12-31T17:44:18Z, -118.243, 34.0522
2015-12-31T17:44:14Z, -122.545, 37.90611111
2015-12-31T17:44:11Z, -118.5976749, 34.1865343
2015-12-31T17:43:04Z, -116.54496, 33.8313408
2015-12-31T17:41:46Z, -122.40755327, 37.78702889
2015-12-31T17:40:02Z, -115.147, 36.2285
2015-12-31T17:37:48Z, -118.1525361, 34.1444483
2015-12-31T17:37:46Z, -115.17490019, 36.11700102
2015-12-31T17:36:19Z, -118.41987808, 34.15070605
2015-12-31T17:34:55Z, -118.37097332, 34.09596244
2015-12-31T17:34:38Z, -118.3221741, 34.0982933
2015-12-31T17:34:01Z, -118.16740367, 34.16046875
2015-12-31T17:33:58Z, -118.481, 34.0221
2015-12-31T17:33:33Z, -118.396, 34.1486
2015-12-31T17:32:30Z, -115.17143977, 36.10996746
2015-12-31T17:31:31Z, -122.40152121, 37.8048715
2015-12-31T17:29:51Z, -118.3527222, 34.0964508
2015-12-31T17:28:51Z, -118.2025528, 34.0167503
2015-12-31T17:26:54Z, -118.01087051, 33.95075602
2015-12-31T17:26:18Z, -118.1549072, 33.8883476
2015-12-31T17:26:04Z, -122.0626831, 37.8972054
2015-12-31T17:25:18Z, -115.17763882, 36.10912478
2015-12-31T17:24:27Z, -118.01804, 33.801045
2015-12-31T17:23:09Z, -121.881832, 39.7753674
2015-12-31T17:22:07Z, -118.25212471, 34.04476003
2015-12-31T17:21:35Z, -118.33844954, 34.09262735
2015-12-31T17:20:10Z, -117.8678818, 33.77034
2015-12-31T17:19:57Z, -118.11863797, 34.14457132
2015-12-31T17:19:55Z, -118.3975983, 33.9442368
2015-12-31T17:18:41Z, -118.36273257, 33.75238028
2015-12-31T17:18:29Z, -118.243, 34.0522
2015-12-31T17:18:21Z, -118.334, 34.0835
2015-12-31T17:17:07Z, -120.66869135, 35.27505213
2015-12-31T17:16:37Z, -118.243, 34.0522
2015-12-31T17:15:26Z, -118.243, 34.0522
2015-12-31T17:15:14Z, -118.38046141, 33.83366286
2015-12-31T17:15:12Z, -122.16339697, 38.06921424
2015-12-31T17:15:04Z, -122.41108, 37.78251
2015-12-31T17:14:24Z, -116.50288213, 35.02079945
2015-12-31T17:14:07Z, -118.11863797, 34.14457132
2015-12-31T17:11:25Z, -118.30046204, 34.11884489
2015-12-31T17:10:14Z, -115.13604472, 36.07151115
2015-12-31T17:10:05Z, -118.2008133, 34.1084099
2015-12-31T17:09:37Z, -115.17529172, 36.11283359
2015-12-31T17:09:27Z, -118.38579312, 34.08272169
2015-12-31T17:05:11Z, -117.92008435, 33.81101019
2015-12-31T17:05:08Z, -123.0847061, 44.0637173
2015-12-31T17:05:03Z, -118.11863797, 34.14457132
2015-12-31T17:04:42Z, -122.69527778, 38.34722222
2015-12-31T17:03:42Z, -118.16740367, 34.16046875
2015-12-31T17:03:19Z, -117.66624029, 33.99018138
2015-12-31T17:01:09Z, -118.25, 34.1709
2015-12-31T17:00:23Z, -119.82, 39.53063
2015-12-31T16:59:29Z, -117.293, 34.1295
2015-12-31T16:59:26Z, -117.90495831, 33.78141138
2015-12-31T16:57:16Z, -118.243, 34.0522
2015-12-31T16:56:50Z, -121.781688, 36.24757
2015-12-31T16:56:11Z, -118.13388318, 34.06910828
2015-12-31T16:55:17Z, -118.46424804, 34.05603745
2015-12-31T16:54:49Z, -118.56243753, 34.16915735
2015-12-31T16:53:34Z, -118.48193405, 34.01133763
2015-12-31T16:52:59Z, -118.475147, 33.995332
2015-12-31T16:52:17Z, -122.524, 37.9833
2015-12-31T16:51:37Z, -122.4075012, 37.7879295
2015-12-31T16:50:26Z, -115.17431212, 36.10941776
2015-12-31T16:49:42Z, -117.91688179, 33.81220455
2015-12-31T16:48:16Z, -118.29864549, 34.01887359
2015-12-31T16:46:16Z, -118.49166656, 34.15772284
2015-12-31T16:45:50Z, -117.59152251, 33.87840493
2015-12-31T16:45:28Z, -118.41161824, 33.88447479
2015-12-31T16:44:41Z, -118.11863797, 34.14457132
2015-12-31T16:44:41Z, -116.53, 33.824
2015-12-31T16:44:17Z, -118.48128322, 34.0626884
2015-12-31T16:43:04Z, -117.688, 34.0122
2015-12-31T16:42:44Z, -118.481, 34.0221
2015-12-31T16:39:53Z, -118.4520721, 34.1758804
2015-12-31T16:38:38Z, -115.224968, 36.0698318
2015-12-31T16:37:20Z, -117.2840881, 34.159729
2015-12-31T16:36:35Z, -118.35868875, 33.9234
2015-12-31T16:35:01Z, -122.51083333, 37.75944444
2015-12-31T16:34:12Z, -118.41512647, 33.92077246
2015-12-31T16:34:10Z, -118.55782653, 34.23239889
2015-12-31T16:31:41Z, -122.05251421, 37.96457001
2015-12-31T16:30:44Z, -122.087797, 37.658858
2015-12-31T16:28:45Z, -115.10585628, 36.14368665
2015-12-31T16:27:46Z, -115.17490019, 36.11700102
2015-12-31T16:26:52Z, -115.17721824, 36.09309662
2015-12-31T16:24:09Z, -118.38863993, 34.15599944
2015-12-31T16:23:37Z, -118.243, 34.0522
2015-12-31T16:22:08Z, -117.2898941, 34.0886765
2015-12-31T16:21:36Z, -115.136, 36.175
2015-12-31T16:21:25Z, -115.17529172, 36.11283359
2015-12-31T16:20:16Z, -117.12, 34.0647
2015-12-31T16:19:55Z, -116.91138889, 34.24388889
2015-12-31T16:19:34Z, -115.18063312, 36.06752945
2015-12-31T16:17:25Z, -121.786859, 36.926653
2015-12-31T16:17:06Z, -118.243, 34.0522
2015-12-31T16:16:14Z, -118.238, 34.057
2015-12-31T16:11:20Z, -118.414198, 34.082944
2015-12-31T16:09:30Z, -115.208931, 36.1486282
2015-12-31T16:09:24Z, -117.92008435, 33.81101019
2015-12-31T16:08:34Z, -120.803, 38.7293
2015-12-31T16:06:59Z, -118.33940773, 34.10171884
2015-12-31T16:06:35Z, -122.2, 37.4586
2015-12-31T16:06:33Z, -118.35409893, 34.08379326
2015-12-31T16:06:16Z, -118.38326174, 34.09147024
2015-12-31T16:06:00Z, -117.6944733, 34.0639
2015-12-31T16:03:42Z, -118.2504469, 34.04646029
2015-12-31T16:01:04Z, -118.40900633, 33.9431963
2015-12-31T15:58:57Z, -118.5, 34.1592
2015-12-31T15:57:49Z, -119.10225053, 37.29131217
2015-12-31T15:56:39Z, -122.1973495, 37.7894707
2015-12-31T15:55:21Z, -118.34574899, 34.09892311
2015-12-31T15:54:30Z, -118.348902, 34.10492876
2015-12-31T15:53:55Z, -120.90475, 35.44846
2015-12-31T15:52:25Z, -122.30145709, 38.3003649
2015-12-31T15:52:23Z, -115.16957961, 36.10258958
2015-12-31T15:50:27Z, -118.3750936, 34.0552274
2015-12-31T15:48:31Z, -119.94338641, 39.23990186
2015-12-31T15:46:55Z, -119.135846, 36.297261
2015-12-31T15:46:04Z, -115.2102209, 36.1479568
2015-12-31T15:42:29Z, -118.45275007, 33.99391
2015-12-31T15:41:30Z, -119.82, 39.53063
2015-12-31T15:39:55Z, -118.243, 34.0522
2015-12-31T15:39:21Z, -117.30348023, 34.09854233
2015-12-31T15:36:48Z, -118.3271484, 34.1027184
2015-12-31T15:35:37Z, -117.30317931, 34.09833794
2015-12-31T15:35:28Z, -118.5270296, 34.1679429
2015-12-31T15:31:33Z, -118.38601314, 34.09009089
2015-12-31T15:31:14Z, -123.03892404, 44.08286842
2015-12-31T15:21:37Z, -115.25, 36.1125
2015-12-31T15:20:04Z, -118.3983536, 34.0223083
2015-12-31T15:15:19Z, -118.243, 34.0522
2015-12-31T15:13:40Z, -122.087797, 37.658858
2015-12-31T15:12:20Z, -118.45899658, 34.28665522
2015-12-31T15:12:15Z, -118.45899658, 34.28665522
2015-12-31T15:09:07Z, -118.20688171, 34.04717263
2015-12-31T15:06:10Z, -118.35409893, 34.08379326
2015-12-31T15:05:15Z, -121.969, 37.3544
2015-12-31T15:04:33Z, -118.41199859, 34.04562975
2015-12-31T14:59:48Z, -115.17719281, 36.1070939
2015-12-31T14:59:36Z, -118.16808232, 34.0666607
2015-12-31T14:51:02Z, -118.25166855, 34.04895513
2015-12-31T14:50:20Z, -122.087797, 37.658858
2015-12-31T14:47:49Z, -118.33918106, 34.10327535
2015-12-31T14:46:36Z, -119.4742795, 36.5032799
2015-12-31T14:46:15Z, -118.25166855, 34.04895513
2015-12-31T14:44:55Z, -118.41334447, 34.0486841
2015-12-31T14:44:43Z, -115.17453438, 36.10968678
2015-12-31T14:44:03Z, -115.1351376, 35.9950787
2015-12-31T14:38:38Z, -117.91688179, 33.81220455
2015-12-31T14:33:10Z, -122.41445151, 37.6425272
2015-12-31T14:28:54Z, -118.33918106, 34.10327535
2015-12-31T14:26:14Z, -121.5462875, 38.5925789
2015-12-31T14:20:57Z, -118.92515536, 34.39186544
2015-12-31T14:18:00Z, -118.341, 33.8348
2015-12-31T14:15:13Z, -122.41487603, 37.78678264
2015-12-31T14:06:19Z, -119.82, 39.53063
2015-12-31T14:04:36Z, -118.35409893, 34.08379326
2015-12-31T13:55:00Z, -118.243, 34.0522
2015-12-31T13:54:27Z, -118.11863797, 34.14457132
2015-12-31T13:51:21Z, -118.60336082, 34.17097743
2015-12-31T13:49:12Z, -119.90980113, 38.93637233
2015-12-31T13:48:52Z, -122.39638889, 37.78944444
2015-12-31T13:38:58Z, -117.9694437, 34.06360664
2015-12-31T13:32:38Z, -121.92694444, 36.53222222
2015-12-31T13:23:53Z, -118.33940773, 34.10171884
2015-12-31T13:20:08Z, -118.33940773, 34.10171884
2015-12-31T13:19:12Z, -118.45899658, 34.28665522
2015-12-31T13:19:08Z, -118.45899658, 34.28665522
2015-12-31T13:18:07Z, -115.16631629, 36.12661927
2015-12-31T13:17:01Z, -118.33940773, 34.10171884
2015-12-31T13:09:01Z, -118.243, 34.0522
2015-12-31T12:55:04Z, -121.81352805, 36.23825697
2015-12-31T12:52:26Z, -117.92008435, 33.81101019
2015-12-31T12:50:54Z, -115.1833572, 36.04039
2015-12-31T12:39:07Z, -118.459, 33.9908
2015-12-31T12:00:44Z, -122.41914, 37.77919
2015-12-31T11:37:49Z, -118.32666667, 34.10138889
2015-12-31T11:30:29Z, -115.16851127, 36.11772344
2015-12-31T11:13:39Z, -119.5870819, 37.749649
2015-12-31T11:11:21Z, -118.32666667, 34.10138889
2015-12-31T11:09:51Z, -115.16957961, 36.10258958
2015-12-31T11:01:17Z, -118.35409893, 34.08379326
2015-12-31T10:44:27Z, -118.1491928, 34.1468964
2015-12-31T10:42:19Z, -118.47789192, 33.99186563
2015-12-31T10:39:56Z, -118.32666667, 34.10138889
2015-12-31T10:20:33Z, -118.24533538, 34.05161048
2015-12-31T09:58:58Z, -122.43813222, 37.79958952
2015-12-31T09:53:21Z, -117.91851252, 33.81186965
2015-12-31T09:37:40Z, -115.2684557, 36.2216041
2015-12-31T09:26:25Z, -118.46746818, 34.04513161
2015-12-31T09:20:28Z, -115.17222222, 36.12083333
2015-12-31T09:18:02Z, -118.24533538, 34.05161048
2015-12-31T09:15:59Z, -118.2123413, 33.847599
2015-12-31T09:05:45Z, -118.3291397, 34.0970192
2015-12-31T09:05:09Z, -121.881832, 39.7753674
2015-12-31T08:54:20Z, -119.7092143, 36.824432
2015-12-31T08:51:23Z, -115.20529049, 36.27008823
2015-12-31T08:49:22Z, -115.17222222, 36.115
2015-12-31T08:49:00Z, -122.46210379, 37.70604136
2015-12-31T08:47:36Z, -118.23531, 34.04455
2015-12-31T08:43:20Z, -121.9578247, 36.9881172
2015-12-31T08:36:09Z, -115.20529049, 36.27008823
2015-12-31T08:35:11Z, -118.3737793, 34.1640701
2015-12-31T08:32:29Z, -115.20529049, 36.27008823
2015-12-31T08:31:29Z, -119.22607583, 35.67940827
2015-12-31T08:26:34Z, -115.20529049, 36.27008823
2015-12-31T08:23:52Z, -115.20529049, 36.27008823
2015-12-31T08:18:07Z, -118.04585769, 33.89334954
2015-12-31T08:03:41Z, -115.147, 36.2285
2015-12-31T07:59:23Z, -118.19954711, 34.07125239
2015-12-31T07:55:05Z, -117.92008435, 33.81101019
2015-12-31T07:44:24Z, -118.29588079, 34.11978957
2015-12-31T07:40:58Z, -118.243, 34.0522
2015-12-31T07:39:18Z, -118.14525673, 34.14375242
2015-12-31T07:38:59Z, -117.31063449, 34.02690396
2015-12-31T07:37:40Z, -115.28980115, 36.16426544
2015-12-31T07:37:06Z, -118.39973877, 34.19184433
2015-12-31T07:35:17Z, -117.92008435, 33.81101019
2015-12-31T07:34:27Z, -115.268453, 36.207427
2015-12-31T07:32:37Z, -118.14525673, 34.14375242
2015-12-31T07:31:12Z, -115.17453438, 36.10968678
2015-12-31T07:19:00Z, -119.85104265, 34.41282893
2015-12-31T07:14:33Z, -115.13946676, 36.16144999
2015-12-31T07:13:23Z, -122.85694444, 38.10111111
2015-12-31T07:06:45Z, -119.7585166, 36.7288266
2015-12-31T06:57:54Z, -122.42697936, 37.75972789
2015-12-31T06:54:27Z, -118.453, 33.9794
2015-12-31T06:48:01Z, -121.3811493, 38.4084892
2015-12-31T06:46:20Z, -118.4937973, 34.157608
2015-12-31T06:45:05Z, -122.27371522, 38.28087765
2015-12-31T06:44:22Z, -117.93535926, 33.99443357
2015-12-31T06:44:03Z, -118.46824148, 34.05301783
2015-12-31T06:43:34Z, -117.21536775, 33.93694259
2015-12-31T06:38:44Z, -117.92008435, 33.81101019
2015-12-31T06:37:25Z, -122.1944427, 37.0110588
2015-12-31T06:34:58Z, -115.17487988, 36.0955993
2015-12-31T06:32:54Z, -118.2457581, 34.0331955
2015-12-31T06:30:52Z, -118.37796179, 33.94561272
2015-12-31T06:29:43Z, -118.4105911, 34.0657082
2015-12-31T06:27:20Z, -118.45059771, 33.99543215
2015-12-31T06:21:09Z, -118.0539246, 33.873394
2015-12-31T06:16:49Z, -118.1435623, 34.1456947
2015-12-31T06:09:04Z, -118.24533538, 34.05161048
2015-12-31T06:00:38Z, -122.3945618, 37.7889404
2015-12-31T05:59:06Z, -117.1822281, 34.0567894
2015-12-31T05:58:39Z, -118.36840049, 34.14406288
2015-12-31T05:58:23Z, -115.17222222, 36.12083333
2015-12-31T05:57:00Z, -119.2126389, 34.2678871
2015-12-31T05:54:38Z, -117.923768, 33.87126
2015-12-31T05:50:59Z, -115.16610697, 36.12928098
2015-12-31T05:48:57Z, -118.4466782, 34.0615387
2015-12-31T05:46:30Z, -119.96823289, 38.92543704
2015-12-31T05:43:58Z, -118.3520508, 34.0976906
2015-12-31T05:40:26Z, -115.17529172, 36.11283359
2015-12-31T05:38:38Z, -115.17431212, 36.10941776
2015-12-31T05:38:05Z, -121.26388224, 38.12439837
2015-12-31T05:28:31Z, -118.4, 34.07
2015-12-31T05:28:30Z, -118.4, 34.07
2015-12-31T05:28:30Z, -118.4, 34.07
2015-12-31T05:28:30Z, -118.4, 34.07
2015-12-31T05:28:29Z, -118.4, 34.07
2015-12-31T05:28:29Z, -118.4, 34.07
2015-12-31T05:28:29Z, -118.4, 34.07
2015-12-31T05:28:29Z, -118.4, 34.07
2015-12-31T05:28:28Z, -118.4, 34.07
2015-12-31T05:28:28Z, -118.4, 34.07
2015-12-31T05:28:28Z, -118.4, 34.07
2015-12-31T05:28:27Z, -118.4, 34.07
2015-12-31T05:28:27Z, -118.4, 34.07
2015-12-31T05:28:27Z, -118.4, 34.07
2015-12-31T05:28:06Z, -118.46824148, 34.05301783
2015-12-31T05:25:43Z, -118.11863797, 34.14457132
2015-12-31T05:25:35Z, -115.147, 36.2285
2015-12-31T05:25:06Z, -118.49694184, 34.41455701
2015-12-31T05:23:48Z, -118.15047, 34.145757
2015-12-31T05:18:55Z, -118.26879867, 34.09317833
2015-12-31T05:18:41Z, -118.33210435, 34.13600536
2015-12-31T05:17:06Z, -118.11863797, 34.14457132
2015-12-31T05:16:51Z, -118.60483421, 34.18475699
2015-12-31T05:13:46Z, -118.243, 34.0522
2015-12-31T05:13:03Z, -118.40080962, 34.06679799
2015-12-31T05:05:05Z, -118.40080962, 34.06679799
2015-12-31T05:04:18Z, -118.32914915, 34.09706673
2015-12-31T05:02:43Z, -118.13838228, 34.14106242
2015-12-31T05:01:07Z, -122.203056, 37.750278
2015-12-31T05:00:21Z, -120.35, 38.25
2015-12-31T05:00:03Z, -118.3598404, 34.0762444
2015-12-31T04:59:54Z, -117.79788913, 34.04549522
2015-12-31T04:57:35Z, -115.17544632, 36.09868352
2015-12-31T04:53:58Z, -121.74823201, 37.68439612
2015-12-31T04:48:59Z, -115.1524887, 36.0424881
2015-12-31T04:47:29Z, -117.6944733, 34.0639
2015-12-31T04:46:36Z, -118.1848221, 33.8295212
2015-12-31T04:45:31Z, -118.372, 34.0879
2015-12-31T04:44:13Z, -122.418, 37.775
2015-12-31T04:41:31Z, -115.2235582, 36.12617771
2015-12-31T04:40:02Z, -115.14432715, 36.27496761
2015-12-31T04:39:37Z, -118.5009384, 34.1839523
2015-12-31T04:35:32Z, -118.24533538, 34.05161048
2015-12-31T04:34:51Z, -118.4832687, 34.0014496
2015-12-31T04:28:51Z, -121.6595866, 36.7393252
2015-12-31T04:26:55Z, -118.3607483, 34.0388985
2015-12-31T04:24:31Z, -118.2609863, 34.0781708
2015-12-31T04:24:01Z, -117.66620072, 34.01999497
2015-12-31T04:21:00Z, -118.36160867, 34.08589063
2015-12-31T04:16:31Z, -122.39998651, 37.78458412
2015-12-31T04:12:08Z, -118.21391523, 34.13336896
2015-12-31T04:11:55Z, -115.17201797, 36.10150884
2015-12-31T04:10:40Z, -115.1713562, 36.1218719
2015-12-31T04:08:45Z, -118.243, 34.0522
2015-12-31T04:07:23Z, -118.11863797, 34.14457132
2015-12-31T04:05:51Z, -121.921, 36.5546
2015-12-31T03:59:36Z, -118.098965, 34.062841
2015-12-31T03:59:06Z, -118.41186279, 34.0510247
2015-12-31T03:58:05Z, -114.2849671, 35.14276402
2015-12-31T03:57:35Z, -118.151825, 33.9741554
2015-12-31T03:56:18Z, -121.04981861, 37.70348256
2015-12-31T03:55:56Z, -118.77861111, 34.03055556
2015-12-31T03:55:55Z, -118.11863797, 34.14457132
2015-12-31T03:52:09Z, -122.2950058, 37.847271
2015-12-31T03:51:44Z, -118.24631956, 34.05613439
2015-12-31T03:48:22Z, -118.11863797, 34.14457132
2015-12-31T03:46:17Z, -118.328, 34.1802
2015-12-31T03:42:06Z, -122.1944427, 37.0110588
2015-12-31T03:40:32Z, -118.243, 34.0522
2015-12-31T03:40:02Z, -118.11863797, 34.14457132
2015-12-31T03:27:59Z, -121.0509109, 39.1354904
2015-12-31T03:25:49Z, -118.24631956, 34.05613439
2015-12-31T03:25:40Z, -118.3533401, 34.1655998
2015-12-31T03:25:25Z, -123.9985352, 40.8850899
2015-12-31T03:24:43Z, -118.243, 34.0522
2015-12-31T03:22:15Z, -118.11863797, 34.14457132
2015-12-31T03:20:51Z, -114.17366083, 34.24871297
2015-12-31T03:17:18Z, -118.46223659, 34.17801368
2015-12-31T03:15:58Z, -118.158, 33.8041
2015-12-31T03:15:15Z, -118.3994293, 34.062439
2015-12-31T03:09:11Z, -119.94332403, 39.24027168
2015-12-31T03:06:38Z, -122.424239, 37.797148
2015-12-31T03:04:33Z, -115.17804696, 36.01202375
2015-12-31T03:04:15Z, -118.151825, 33.9741554
2015-12-31T03:03:00Z, -122.43489124, 37.76102592
2015-12-31T03:00:29Z, -117.3402903, 33.9159046
2015-12-31T03:00:14Z, -118.14371581, 34.01760169
2015-12-31T02:57:31Z, -120.8482513, 37.0614319
2015-12-31T02:54:45Z, -118.41968018, 34.11334116
2015-12-31T02:54:40Z, -117.86710895, 33.92479688
2015-12-31T02:54:09Z, -118.24037936, 34.07390024
2015-12-31T02:53:50Z, -118.39262986, 34.09025628
2015-12-31T02:52:20Z, -118.26573931, 34.04453802
2015-12-31T02:50:46Z, -118.378, 34.1722
2015-12-31T02:47:55Z, -115.13604472, 36.07151115
2015-12-31T02:47:34Z, -115.13946676, 36.16144999
2015-12-31T02:47:15Z, -116.54932399, 33.76082376
2015-12-31T02:45:57Z, -118.36643933, 34.08339841
2015-12-31T02:44:04Z, -115.14057626, 36.17105198
2015-12-31T02:44:03Z, -117.3404407, 33.9158451
2015-12-31T02:42:17Z, -117.3402903, 33.9159036
2015-12-31T02:41:51Z, -121.914299, 37.3236961
2015-12-31T02:40:31Z, -118.151825, 33.9741554
2015-12-31T02:38:12Z, -115.136, 36.175
2015-12-31T02:33:39Z, -118.406, 33.9213
2015-12-31T02:33:21Z, -118.35843847, 34.07217665
2015-12-31T02:23:12Z, -118.3516006, 33.9607697
2015-12-31T02:22:32Z, -118.35694776, 34.07052169
2015-12-31T02:18:57Z, -122.026, 37.372
2015-12-31T02:14:14Z, -115.16957961, 36.10258958
2015-12-31T02:13:26Z, -118.243, 34.0522
2015-12-31T02:13:20Z, -115.26283815, 36.30166309
2015-12-31T02:08:14Z, -122.41767748, 37.63722426
2015-12-31T02:06:09Z, -114.38669462, 34.07161366
2015-12-31T02:01:30Z, -118.2995529, 34.1749268
2015-12-31T02:01:04Z, -117.33094811, 33.95755957
2015-12-31T01:56:59Z, -118.3975983, 33.9442368
2015-12-31T01:54:20Z, -118.33611915, 34.15388443
2015-12-31T01:53:01Z, -122.3141, 37.86835
